"","Habitat","meanSimp","sem_Simp"
"1","Deciduous",0.402447311142963,0.0700801613845092
"2","Hemlock",0.293891759977031,0.165984783232845
"3","Pine",0.260188911245249,0.174474625530964
