"","Habitat","Transect","Simpson"
"1","Deciduous",1,0.332367149758454
"2","Deciduous",2,0.472527472527473
"3","Hemlock",1,0.127906976744186
"4","Hemlock",2,0.459876543209877
"5","Pine",1,0.434663536776213
"6","Pine",2,0.0857142857142857
