"","Habitat","Transect","Simpson"
"1","Deciduous",1,0.392566782810685
"2","Deciduous",2,0
"3","Hemlock",1,0.180952380952381
"4","Hemlock",2,0.63784021071115
"5","Pine",1,0.563748079877112
"6","Pine",2,0.142857142857143
