"","Habitat","meanSimp","sem_Simp"
"1","Deciduous",0.196283391405343,0.196283391405343
"2","Hemlock",0.409396295831766,0.228443914879385
"3","Pine",0.353302611367127,0.210445468509985
