"","Habitat","meanSimp","sem_Simp"
"1","Deciduous",0.736263736263736,0.263736263736264
"2","Hemlock",0.362179487179487,0.112179487179487
"3","Pine",0.246031746031746,0.0317460317460318
