"","Habitat","Transect","Simpson"
"1","Deciduous",1,1
"2","Deciduous",2,0.472527472527473
"3","Hemlock",1,0.25
"4","Hemlock",2,0.474358974358974
"5","Pine",1,0.277777777777778
"6","Pine",2,0.214285714285714
